date,AQI
2024-01-01,72.6541662696275
2024-01-02,61.15562508383384
2024-01-03,37.52601508710163
2024-01-04,49.01626097819083
2024-01-05,46.07751581512363
2024-01-06,56.480852069088456
2024-01-07,46.27589773818581
2024-01-08,48.937694292676795
2024-01-09,56.05475094370885
2024-01-10,
2024-01-11,51.6545288160042
2024-01-12,40.729957966608325
2024-01-13,51.040559200306404
2024-01-14,60.20796900943438
2024-01-15,52.73096686998327
2024-01-16,47.61631721277882
2024-01-17,
2024-01-18,44.35706799750828
2024-01-19,42.708273172289324
2024-01-20,48.98292802637474
2024-01-21,41.37734639928299
2024-01-22,75.6148231123096
2024-01-23,39.19680061722904
2024-01-24,72.3595149115439
2024-01-25,66.70653829773252
2024-01-26,63.911087394373176
2024-01-27,88.38679380982657
2024-01-28,64.18725585601602
2024-01-29,61.08983585868304
2024-01-30,76.02171496804343
2024-01-31,55.21445046637488
2024-02-01,62.49789843172631
2024-02-02,62.860394483438334
2024-02-03,67.24490288074284
2024-02-04,76.0702983757156
2024-02-05,68.33855023368307
2024-02-06,74.07573636729313
2024-02-07,84.4557804768237
2024-02-08,71.26708383860615
2024-02-09,74.53673644510307
2024-02-10,58.45586427428825
2024-02-11,66.3432501998206
2024-02-12,68.17313693239187
2024-02-13,51.66760595300008
2024-02-14,74.15757639644211
2024-02-15,81.23972213368779
2024-02-16,55.18693504359588
2024-02-17,94.66960537369141
2024-02-18,93.53358608700007
2024-02-19,70.13230881455107
2024-02-20,82.65324521724571
2024-02-21,
2024-02-22,83.24127117403545
2024-02-23,70.52525896526421
2024-02-24,84.92268211145458
2024-02-25,80.79327609097268
2024-02-26,79.55745134471643
2024-02-27,84.00238799620072
2024-02-28,70.80439176777026
2024-02-29,100.76783455037523
2024-03-01,84.77522048487631
2024-03-02,56.62556684854034
2024-03-03,64.94920737671535
2024-03-04,59.98330319775583
2024-03-05,78.82875621548096
2024-03-06,75.4595689922033
2024-03-07,77.82577731747818
2024-03-08,78.87929909016536
2024-03-09,87.38223310388315
2024-03-10,66.08493928850476
2024-03-11,
2024-03-12,89.72109836483953
2024-03-13,81.17839529352534
2024-03-14,96.0287828545724
2024-03-15,91.41691942340965
2024-03-16,69.89435674078055
2024-03-17,91.41692111364945
2024-03-18,74.78476984272034
2024-03-19,81.70057027293419
2024-03-20,67.39636122466797
2024-03-21,94.42559072819337
2024-03-22,71.95296897499686
2024-03-23,87.00107461149686
2024-03-24,73.30411513026505
2024-03-25,89.50567596624832
2024-03-26,86.37199282548154
2024-03-27,70.76944474598183
2024-03-28,
2024-03-29,83.40798356015088
2024-03-30,75.1403250529361
2024-03-31,77.78323966453178
2024-04-01,68.45035467031319
2024-04-02,72.48003871618127
2024-04-03,94.17647143191382
2024-04-04,77.18701483484246
2024-04-05,90.44085830210307
2024-04-06,92.08579610230301
2024-04-07,72.10696223096724
2024-04-08,84.37386449309415
2024-04-09,93.19314700615536
2024-04-10,82.79295235599098
2024-04-11,78.37603585764391
2024-04-12,77.543899796038
2024-04-13,83.75119465655739
2024-04-14,67.32178147813715
2024-04-15,74.15327719559882
2024-04-16,82.5193908959252
2024-04-17,91.29012965346769
2024-04-18,71.49943290751871
2024-04-19,83.20063125717365
2024-04-20,75.5094126559924
2024-04-21,80.29535646338785
2024-04-22,77.82385539713152
2024-04-23,75.57072412335309
2024-04-24,75.5419518945251
2024-04-25,98.85468914637285
2024-04-26,91.60895718763359
2024-04-27,89.84674012528794
2024-04-28,90.30545503781384
2024-04-29,96.54224449436546
2024-04-30,60.49763605012604
2024-05-01,70.15546261759857
2024-05-02,73.23581700249747
2024-05-03,69.53020264421548
2024-05-04,82.54795390873971
2024-05-05,79.2546715027741
2024-05-06,77.36617780303429
2024-05-07,70.39837275986804
2024-05-08,85.02829425335901
2024-05-09,83.31514833293541
2024-05-10,73.34242171788483
2024-05-11,75.97010151726546
2024-05-12,70.79425140433406
2024-05-13,78.94132692800528
2024-05-14,73.25642516276349
2024-05-15,83.31257389977081
2024-05-16,54.657656665025854
2024-05-17,72.64523532547175
2024-05-18,84.90822110813478
2024-05-19,79.17290082203249
2024-05-20,62.38453608767458
2024-05-21,76.51901442207071
2024-05-22,69.37589383235907
2024-05-23,58.7795793414138
2024-05-24,63.47470785619525
2024-05-25,47.70776412211671
2024-05-26,58.98713001979067
2024-05-27,64.16194248115374
2024-05-28,70.6510057921661
2024-05-29,68.80351153197897
2024-05-30,67.71206680829182
2024-05-31,49.100347319613505
2024-06-01,56.52775041945419
2024-06-02,75.13504229402125
2024-06-03,78.36285868127804
2024-06-04,58.9790347843264
2024-06-05,62.84195492943194
2024-06-06,76.11156604971768
2024-06-07,54.83831750276305
2024-06-08,65.00231600838706
2024-06-09,80.71669429718064
2024-06-10,67.1464683429969
2024-06-11,69.85513476363536
2024-06-12,66.05260477472905
2024-06-13,76.0205733949646
2024-06-14,70.22431042802174
2024-06-15,49.64002816932949
2024-06-16,53.68913067889131
2024-06-17,42.17757995720784
2024-06-18,51.79702744631461
2024-06-19,49.48571709131005
2024-06-20,63.7918176517052
2024-06-21,71.09477034732772
2024-06-22,58.38982377278201
2024-06-23,53.08748277617502
2024-06-24,54.99186066685953
2024-06-25,
2024-06-26,38.911445273776096
2024-06-27,56.116906808303035
2024-06-28,53.318668421304054
2024-06-29,65.24983340524797
2024-06-30,41.975674228616754
2024-07-01,47.04552733949435
2024-07-02,44.436181755567425
2024-07-03,52.15051241435619
2024-07-04,58.532381841693834
2024-07-05,54.529851640012424
2024-07-06,57.30225867329685
2024-07-07,59.08428880313311
2024-07-08,41.24053636144568
2024-07-09,37.344419431911234
2024-07-10,36.19723362306249
2024-07-11,51.81026640619502
2024-07-12,74.0297246076405
2024-07-13,40.49101400847276
2024-07-14,67.83198953817029
2024-07-15,
2024-07-16,34.56962061562406
2024-07-17,41.2431821786405
2024-07-18,30.33995790901757
2024-07-19,48.12229197673365
2024-07-20,33.1598626363614
2024-07-21,44.35477675608354
2024-07-22,39.87366090055002
2024-07-23,22.4877792309849
2024-07-24,34.7469410293464
2024-07-25,33.729437859904806
2024-07-26,
2024-07-27,36.78135863164743
2024-07-28,32.53682856467257
2024-07-29,
2024-07-30,35.15446429491414
2024-07-31,35.4755947016504
2024-08-01,32.18436149589916
2024-08-02,41.6286169561379
2024-08-03,12.60496183815058
2024-08-04,34.91871344953459
2024-08-05,21.820575331015604
2024-08-06,32.542608645719035
2024-08-07,22.704390663423762
2024-08-08,37.34067666527465
2024-08-09,10.700101408624175
2024-08-10,15.076832072456071
2024-08-11,25.209425185016116
2024-08-12,30.696040577812706
2024-08-13,25.990654249198343
2024-08-14,18.614244585943524
2024-08-15,
2024-08-16,26.950032867674274
2024-08-17,16.868605577355822
2024-08-18,38.54503694978865
2024-08-19,31.80239886233054
2024-08-20,35.64377889530285
2024-08-21,20.867708120877648
2024-08-22,34.37182010489872
2024-08-23,42.05467396436886
2024-08-24,28.975837627309986
2024-08-25,
2024-08-26,33.79908730901624
2024-08-27,12.982459698780323
2024-08-28,27.225265920230314
2024-08-29,44.02693424915955
2024-08-30,37.912961164571605
2024-08-31,24.66903881674751
2024-09-01,34.44922730317161
2024-09-02,26.954269899446523
2024-09-03,34.44185402134483
2024-09-04,14.431047000640373
2024-09-05,20.9769693820517
2024-09-06,37.977963243379804
2024-09-07,35.553521124751775
2024-09-08,51.42442450843902
2024-09-09,24.004155936793854
2024-09-10,10.0
2024-09-11,31.935119787660497
2024-09-12,10.0
2024-09-13,10.0
2024-09-14,10.0
2024-09-15,40.864447703558646
2024-09-16,14.438337819382918
2024-09-17,35.734842617634754
2024-09-18,18.499023883470674
2024-09-19,13.202691034745403
2024-09-20,24.139959288037023
2024-09-21,
2024-09-22,11.622321717632051
2024-09-23,21.782124312543797
2024-09-24,52.97311299072995
2024-09-25,31.645518242697015
2024-09-26,25.832044193958605
2024-09-27,22.08420747937165
2024-09-28,23.784948019644176
2024-09-29,32.59860767497629
2024-09-30,
2024-10-01,33.72413624608008
2024-10-02,22.81946163602459
2024-10-03,
2024-10-04,26.75075240372753
2024-10-05,35.40901515138456
2024-10-06,21.029808056379135
2024-10-07,13.308430573663605
2024-10-08,42.11721374612472
2024-10-09,25.387638298205534
2024-10-10,10.0
2024-10-11,17.161601137743094
2024-10-12,13.582037891598176
2024-10-13,25.981260380885445
2024-10-14,27.913102956234788
2024-10-15,10.0
2024-10-16,11.22242054123959
2024-10-17,20.71714219391094
2024-10-18,25.534221469937968
2024-10-19,22.16837390565411
2024-10-20,16.45382540549481
2024-10-21,21.73082477587111
2024-10-22,15.51147135103726
2024-10-23,29.001340607146737
2024-10-24,21.982059449191155
2024-10-25,28.935484317040082
2024-10-26,30.96973982320521
2024-10-27,17.450074201577998
2024-10-28,26.19389240075573
2024-10-29,23.336533816407563
2024-10-30,10.0
2024-10-31,11.454599023460359
2024-11-01,32.8218301448613
2024-11-02,24.71476285205055
2024-11-03,35.255601954668826
2024-11-04,
2024-11-05,10.234441185869334
2024-11-06,36.60815348695316
2024-11-07,41.18080545747344
2024-11-08,10.165638714853458
2024-11-09,18.785770707679887
2024-11-10,35.401518060268245
2024-11-11,20.022934148129217
2024-11-12,19.593169984378704
2024-11-13,45.66469101337529
2024-11-14,39.58177686471981
2024-11-15,33.12050046711407
2024-11-16,31.9828058335015
2024-11-17,47.006784938417454
2024-11-18,41.34986257777804
2024-11-19,15.594065169133868
2024-11-20,
2024-11-21,44.341401142991245
2024-11-22,49.84134824247758
2024-11-23,10.0
2024-11-24,10.0
2024-11-25,50.43114058535065
2024-11-26,37.016866242186126
2024-11-27,29.573985538997896
2024-11-28,28.818132566988158
2024-11-29,40.63663786622564
2024-11-30,19.30266062739879
2024-12-01,26.548022247389188
2024-12-02,24.11332105332167
2024-12-03,36.75899040762817
2024-12-04,31.921498878625336
2024-12-05,44.53777146349741
2024-12-06,23.130306542883872
2024-12-07,55.49643768148687
2024-12-08,39.09522850488006
2024-12-09,38.790973746035554
2024-12-10,48.643770671354034
2024-12-11,
2024-12-12,48.482660155864465
2024-12-13,41.22542780354378
2024-12-14,62.75326778707574
2024-12-15,55.41104952584118
2024-12-16,45.839442382729416
2024-12-17,67.53883953735887
2024-12-18,
2024-12-19,50.955544004879414
2024-12-20,50.62811085304859
2024-12-21,60.272321172019346
2024-12-22,
2024-12-23,38.31338065673831
2024-12-24,54.73440803805022
2024-12-25,50.001182165161474
2024-12-26,42.76488071595448
2024-12-27,51.31197704396048
2024-12-28,58.27142082513798
2024-12-29,31.73070224409079
2024-12-30,36.97103616548357
2024-12-31,47.297303889924635
2025-01-01,53.69656340965633
2025-01-02,44.19407996456343
2025-01-03,33.26058362999835
2025-01-04,50.77143883722004
2025-01-05,61.22558539106668
2025-01-06,61.95141055753772
2025-01-07,45.34980672726577
2025-01-08,59.58413842206721
2025-01-09,68.88272340916322
2025-01-10,42.19171181537036
2025-01-11,71.52429173108584
2025-01-12,52.10622781534549
2025-01-13,48.29063541133445
2025-01-14,63.800756461241
2025-01-15,74.74245806020672
2025-01-16,61.05748306617837
2025-01-17,55.604283359718224
2025-01-18,66.24207308308897
2025-01-19,94.56957104072532
2025-01-20,59.73910414990578
2025-01-21,75.48576870598131
2025-01-22,53.65320111123968
2025-01-23,68.44089275087845
2025-01-24,60.242637093245825
2025-01-25,62.881340486537766
2025-01-26,43.944791998884185
2025-01-27,55.64289156053238
2025-01-28,61.876958048777624
2025-01-29,70.35000638508673
2025-01-30,88.11640186078259
2025-01-31,66.90746784807078
2025-02-01,68.7757624749702
2025-02-02,
2025-02-03,45.97031613412192
2025-02-04,73.68188208593149
2025-02-05,73.21539785908007
2025-02-06,69.28934660448994
2025-02-07,90.47332866779846
2025-02-08,
2025-02-09,54.875129653304676
2025-02-10,75.0784519317111
2025-02-11,82.20156669922514
2025-02-12,80.19170217082144
2025-02-13,47.551840432947586
2025-02-14,89.50390160369587
2025-02-15,64.5044511466678
2025-02-16,67.11757110252756
2025-02-17,70.17775755324723
2025-02-18,75.15125697079445
2025-02-19,80.0927667198586
2025-02-20,89.99739255631306
2025-02-21,83.1820260268439
2025-02-22,62.65225625141622
2025-02-23,73.17829611689542
2025-02-24,81.85973687008331
2025-02-25,85.40582498224768
2025-02-26,67.85961649874565
2025-02-27,85.8495208574374
2025-02-28,69.6916679511771
2025-03-01,83.1356549834779
2025-03-02,78.65210266241422
2025-03-03,82.83312183337623
2025-03-04,78.80607173201697
2025-03-05,83.75959782515015
2025-03-06,85.79987948401246
2025-03-07,
2025-03-08,83.93793229860114
2025-03-09,80.79553535904049
2025-03-10,87.41109203142939
2025-03-11,79.4817751475438
2025-03-12,51.570141125160575
2025-03-13,74.79707804147354
2025-03-14,72.48145570483189
2025-03-15,74.39153262476964
2025-03-16,77.61319954563365
2025-03-17,67.83576221213526
2025-03-18,96.69436521363416
2025-03-19,79.30691568527023
2025-03-20,87.9775839856465
2025-03-21,67.9165363138669
2025-03-22,68.68087734667938
2025-03-23,66.88017587553826
2025-03-24,83.32294815798339
2025-03-25,74.82385192944034
2025-03-26,60.781559676583626
2025-03-27,83.50913322244561
2025-03-28,82.49318092508639
2025-03-29,61.006254353585774
2025-03-30,80.89897025177179
2025-03-31,73.39605960237034
2025-04-01,91.61024192701295
2025-04-02,80.20290009317016
2025-04-03,92.65889851047409
2025-04-04,79.57294414144769
2025-04-05,91.58204610290628
2025-04-06,93.70758885929175
2025-04-07,75.93296665505818
2025-04-08,72.19037103263346
2025-04-09,94.75913306557447
2025-04-10,77.32741928111169
2025-04-11,77.26385350947594
2025-04-12,92.18582835961168
2025-04-13,93.82230346923393
2025-04-14,68.70426302236864
2025-04-15,74.68551928762197
2025-04-16,92.94786182617622
2025-04-17,74.40289182245077
2025-04-18,81.84387069559583
2025-04-19,76.47098422967868
2025-04-20,95.36265075019212
2025-04-21,66.6109669236723
2025-04-22,91.07488474851584
2025-04-23,70.68667022412153
2025-04-24,60.61701748055313
2025-04-25,74.4935200234517
2025-04-26,87.01422206871946
2025-04-27,95.29581221054465
2025-04-28,82.48666489315399
2025-04-29,80.13400535009775
2025-04-30,69.98066115721731
2025-05-01,78.9219133451664
2025-05-02,87.06502961674725
2025-05-03,72.71978619768149
2025-05-04,77.59918514893837
2025-05-05,74.97592530204493
2025-05-06,
2025-05-07,63.94971997585441
2025-05-08,78.5874681529751
2025-05-09,66.78182672603711
2025-05-10,79.33240623004075
2025-05-11,72.25577685685013
2025-05-12,70.67063538044424
2025-05-13,87.25078863633104
2025-05-14,58.96766620669703
2025-05-15,61.89426057508225
2025-05-16,73.51361534941337
2025-05-17,57.6076633699535
2025-05-18,74.28553238459396
2025-05-19,75.4031071592969
2025-05-20,81.58274087695335
2025-05-21,
2025-05-22,73.35921691309358
2025-05-23,78.64433024947405
2025-05-24,79.9151827445811
2025-05-25,87.15304710961556
2025-05-26,80.94044913172233
2025-05-27,72.344957247523
2025-05-28,68.28820610408694
2025-05-29,69.56809923994795
2025-05-30,50.04051248211316
2025-05-31,52.26681601077267
2025-06-01,76.85717237580427
2025-06-02,66.7784196160702
2025-06-03,66.76460745062523
2025-06-04,55.911552825357155
2025-06-05,70.69197064748317
2025-06-06,45.84333614664561
2025-06-07,64.02349388286966
2025-06-08,67.45895671233784
2025-06-09,65.25056483842044
2025-06-10,80.86163552582643
2025-06-11,58.73455935335816
2025-06-12,58.34120923769828
2025-06-13,58.52685842514664
2025-06-14,51.97653443386163
2025-06-15,53.917747401663874
2025-06-16,55.999260785279304
2025-06-17,51.99931181117685
2025-06-18,59.090168952052935
2025-06-19,58.25109545399512
2025-06-20,61.04370554299532
2025-06-21,63.860380559225646
2025-06-22,59.00162383238684
2025-06-23,58.37962208940189
2025-06-24,37.883834043652485
2025-06-25,61.24280985244913
2025-06-26,50.08472955461684
2025-06-27,39.34128899442617
2025-06-28,69.67890809923604
2025-06-29,37.74656702956156
2025-06-30,56.22334108486869
2025-07-01,65.18198481068178
2025-07-02,
2025-07-03,52.872223974646104
2025-07-04,41.275288101005984
2025-07-05,29.15361983416125
2025-07-06,47.260158522500056
2025-07-07,52.34978141461764
2025-07-08,34.01559450435172
2025-07-09,69.82686117727826
2025-07-10,62.51839263177295
2025-07-11,41.85925022025081
2025-07-12,40.8844025943102
2025-07-13,39.16567485323418
2025-07-14,50.478015213924735
2025-07-15,39.16044477740037
2025-07-16,38.66633313365503
2025-07-17,35.69547704192144
2025-07-18,
2025-07-19,32.43466931968369
2025-07-20,32.39728855999474
2025-07-21,21.186091204629772
2025-07-22,36.024469968628715
2025-07-23,41.61945377827715
2025-07-24,
2025-07-25,34.63195432386194
2025-07-26,46.148743564844416
2025-07-27,29.69060112288239
2025-07-28,30.253720331154664
2025-07-29,19.73390518903815
2025-07-30,52.60695783910913
2025-07-31,40.35695303430803
2025-08-01,15.546717674840785
2025-08-02,43.65093468674975
2025-08-03,28.26509475968081
2025-08-04,49.267148893635444
2025-08-05,25.861805784360744
2025-08-06,38.96719491112693
2025-08-07,36.21258091482062
2025-08-08,24.010441978888153
2025-08-09,31.954144975265333
2025-08-10,39.2670421127292
2025-08-11,32.35781683831118
2025-08-12,31.696658031846486
2025-08-13,28.240201454611444
2025-08-14,53.7115403784036
2025-08-15,25.504275871965866
2025-08-16,29.107708991451744
2025-08-17,38.4963375491554
2025-08-18,38.89040319646521
2025-08-19,27.167091181481954
2025-08-20,27.26718232210157
2025-08-21,12.63484559147026
2025-08-22,23.446210519258713
2025-08-23,27.69464979435301
2025-08-24,31.80854148901525
2025-08-25,17.321258603148447
2025-08-26,17.619838369842718
2025-08-27,37.545937638427446
2025-08-28,24.0118200539926
2025-08-29,39.16207835711464
2025-08-30,10.0
2025-08-31,21.256516286842086
2025-09-01,28.292987355278672
2025-09-02,10.0
2025-09-03,36.19169449143095
2025-09-04,35.19432618562606
2025-09-05,25.98813785405761
2025-09-06,42.68555753596076
2025-09-07,18.451885881549128
2025-09-08,10.731765429423035
2025-09-09,25.097922737552555
2025-09-10,18.65374576735453
2025-09-11,20.965144567731837
2025-09-12,34.05958862250833
2025-09-13,39.304641051801376
2025-09-14,17.54690185165343
2025-09-15,23.859598920018943
2025-09-16,21.236328189898018
2025-09-17,17.511738712769287
2025-09-18,
2025-09-19,
2025-09-20,23.337459570299103
2025-09-21,10.0
2025-09-22,29.06110475568837
2025-09-23,
2025-09-24,10.0
2025-09-25,40.19950878771442
2025-09-26,10.0
2025-09-27,
2025-09-28,17.08430743801374
2025-09-29,18.315090284219774
2025-09-30,38.667434518081194
2025-10-01,13.195217331655751
2025-10-02,20.45579313712284
2025-10-03,18.349077541237207
2025-10-04,33.90530505208472
2025-10-05,27.450372684948526
2025-10-06,10.0
2025-10-07,14.191054169585998
2025-10-08,15.015565406931174
2025-10-09,24.211619357790653
2025-10-10,10.0
2025-10-11,10.0
2025-10-12,10.0
2025-10-13,28.569870978665087
2025-10-14,15.344246189231615
2025-10-15,29.092720049513296
2025-10-16,10.0
2025-10-17,19.370164959011028
2025-10-18,21.163979214352448
2025-10-19,26.3434095333302
2025-10-20,24.109815316729748
2025-10-21,19.626039806541208
2025-10-22,21.105510271956753
2025-10-23,21.086430997303463
2025-10-24,13.435666664648945
2025-10-25,17.70134436024208
2025-10-26,28.50279164550664
2025-10-27,25.61541433625535
2025-10-28,10.0
2025-10-29,20.753535094394934
2025-10-30,14.124103396782724
2025-10-31,17.331068454396828
2025-11-01,34.228891375970264
2025-11-02,29.41176461948101
2025-11-03,15.71397688391204
2025-11-04,26.782842541672302
2025-11-05,22.87423802609726
2025-11-06,19.833372369532626
2025-11-07,23.68405594918345
2025-11-08,58.71714310722551
2025-11-09,11.232331559832106
2025-11-10,22.487167106444478
2025-11-11,29.549219455350006
2025-11-12,28.46244387067231
2025-11-13,19.130665047589368
2025-11-14,28.54441322871027
2025-11-15,18.296570222644494
2025-11-16,35.74258015535485
2025-11-17,41.31412776303311
2025-11-18,39.49327837755082
2025-11-19,17.990872314914238
2025-11-20,43.816191904255035
2025-11-21,46.654069603177
2025-11-22,33.53451403015748
2025-11-23,25.51262620656462
2025-11-24,26.151487404897853
2025-11-25,34.58094838215583
2025-11-26,35.47927702235391
2025-11-27,30.261695788790522
2025-11-28,
2025-11-29,20.435486287800543
2025-11-30,39.89342509886875
2025-12-01,48.853610052373554
2025-12-02,21.560924861811674
2025-12-03,40.64151952795439
2025-12-04,17.63971943281515
2025-12-05,39.44184947433953
2025-12-06,39.03416816626582
2025-12-07,35.56588450667564
2025-12-08,
2025-12-09,32.00239835822935
2025-12-10,38.25806039177885
2025-12-11,50.70031909077193
2025-12-12,42.05872908997663
2025-12-13,30.126671821972057
2025-12-14,55.249171424084146
2025-12-15,46.05428957434246
2025-12-16,
2025-12-17,49.15719774379296
2025-12-18,49.69036117937256
2025-12-19,51.11433386116676
2025-12-20,44.69289200842791
2025-12-21,45.54732793787482
2025-12-22,58.72774084349547
2025-12-23,31.89645194552798
2025-12-24,52.68044302182244
2025-12-25,53.13487483302877
2025-12-26,47.58356524895064
2025-12-27,34.53585597812991
2025-12-28,44.669647133204705
2025-12-29,59.229510351130884
2025-12-30,46.1680920316215
2025-12-31,50.18928793891343
2026-01-01,61.39064256033883
2026-01-02,57.02275559698066
2026-01-03,51.62725406259365
2026-01-04,44.170891039415835
2026-01-05,62.86757591255323
2026-01-06,24.676629809979175
2026-01-07,37.497770673477866
2026-01-08,63.477446882812835
2026-01-09,60.70218536306132
2026-01-10,52.466180425028185
2026-01-11,36.47621015226369
2026-01-12,43.65736807521736
2026-01-13,51.55144178109397
2026-01-14,60.69054224332601
2026-01-15,64.1461394665512
2026-01-16,
2026-01-17,55.23881302025481
2026-01-18,46.47184625546453
2026-01-19,44.12388496708826
2026-01-20,76.01533993232329
2026-01-21,69.36775621933558
2026-01-22,65.89899754301224
2026-01-23,49.17178272533421
2026-01-24,86.13229578733632
2026-01-25,68.19799041985804
2026-01-26,73.07905815621217
2026-01-27,54.37155319959845
2026-01-28,69.43718642238474
2026-01-29,64.58680725500965
2026-01-30,57.947280711355944
2026-01-31,53.666462770173545
2026-02-01,71.70403452675835
2026-02-02,54.75336043730953
2026-02-03,72.04628863614782
2026-02-04,70.00105714394091
2026-02-05,71.04905167512922
2026-02-06,73.59832836647301
2026-02-07,82.98202910145474
2026-02-08,86.08479378865191
2026-02-09,71.34586609300305
2026-02-10,66.910873105725
2026-02-11,69.59311536725896
2026-02-12,74.8418830778797
2026-02-13,63.824327297761
2026-02-14,63.97403519648769
2026-02-15,76.21384331983563
2026-02-16,62.072750324574436
2026-02-17,69.31673464833334
2026-02-18,71.55880939074301
2026-02-19,
2026-02-20,56.358896785267234
2026-02-21,67.01160413977036
2026-02-22,80.5994613097439
2026-02-23,
2026-02-24,79.76666445830737
2026-02-25,66.57467474859547
2026-02-26,80.87571031057838
2026-02-27,69.9009865202806
2026-02-28,81.35066869336192
2026-03-01,69.06091284718345
2026-03-02,105.0416657676924
2026-03-03,90.11194093966145
2026-03-04,78.64639817385991
2026-03-05,79.94481559792463
2026-03-06,79.68975989489249
2026-03-07,69.44682175378843
2026-03-08,77.0320830463354
2026-03-09,68.80481024467466
2026-03-10,67.22070284683153
2026-03-11,79.35051573058767
2026-03-12,68.25475590218647
2026-03-13,81.57075558012298
2026-03-14,66.60618151815626
2026-03-15,79.08454744518397
2026-03-16,83.95587857472684
2026-03-17,89.94185799061307
2026-03-18,61.83774437272393
2026-03-19,63.19989208557753
2026-03-20,74.24536122604135
2026-03-21,84.98476471724496
2026-03-22,58.72604671141747
2026-03-23,95.67716603591418
2026-03-24,66.20454328589832
2026-03-25,83.14188259358292
2026-03-26,92.52451959125749
2026-03-27,63.74609163817864
2026-03-28,93.92674420725885
2026-03-29,77.49070157672881
2026-03-30,79.05924735243603
2026-03-31,74.53510535909626
2026-04-01,77.15959557660099
2026-04-02,
2026-04-03,75.11794937142099
2026-04-04,82.93307249111051
2026-04-05,
2026-04-06,83.55790605212671
2026-04-07,85.92606980075251
2026-04-08,80.38228068611359
2026-04-09,72.53977232798074
2026-04-10,79.53747350524594
2026-04-11,68.14545771380908
2026-04-12,85.42253874469121
2026-04-13,65.41258427203469
2026-04-14,73.134627094563
2026-04-15,78.21277535672613
2026-04-16,75.02069211537071
2026-04-17,77.81356106023634
2026-04-18,79.22067516469738
2026-04-19,70.64639904147839
2026-04-20,78.75190288420293
2026-04-21,81.98270709492309
2026-04-22,66.5638567043878
2026-04-23,85.48982467955673
2026-04-24,80.26032866178367
2026-04-25,83.26254560344789
2026-04-26,78.88628520903141
2026-04-27,69.18117406004794
2026-04-28,87.29865825312713
2026-04-29,79.66457158106098
2026-04-30,93.85151846763254
2026-05-01,74.78089121598188
2026-05-02,82.31375483127614
2026-05-03,71.66061253352967
2026-05-04,73.12038331069607
2026-05-05,70.10702362796418
2026-05-06,74.49938528461512
2026-05-07,85.94077167889986
2026-05-08,
2026-05-09,85.64433345698224
2026-05-10,89.46439262039374
2026-05-11,56.91651728266595
2026-05-12,79.39706089136288
2026-05-13,77.22771621582113
2026-05-14,71.66217243603626
2026-05-15,81.9339684317353
2026-05-16,61.37869464084954
2026-05-17,83.14464356186349
2026-05-18,70.57307431553873
2026-05-19,80.94660125701841
2026-05-20,88.95664665117144
2026-05-21,76.56092548427588
2026-05-22,63.88882259177779
2026-05-23,67.31742803161275
2026-05-24,55.68316415277923
2026-05-25,78.18602531369538
2026-05-26,60.18290359647064
2026-05-27,84.37351160508018
2026-05-28,64.52581907169034
2026-05-29,68.79069497166539
2026-05-30,62.330599931756325
2026-05-31,72.14692681080544
2026-06-01,63.16780023805027
2026-06-02,64.31489148749027
2026-06-03,77.99769089158646
2026-06-04,54.48927778326635
2026-06-05,58.92050734219464
2026-06-06,69.25028366452932
2026-06-07,71.71784422284297
2026-06-08,63.90063898540895
2026-06-09,65.92174378898528
2026-06-10,53.08354448390038
2026-06-11,49.59467039049107
2026-06-12,61.225836076429154
2026-06-13,
2026-06-14,72.97752954812135
2026-06-15,
2026-06-16,47.437858186255255
2026-06-17,64.50996188147595
2026-06-18,70.59748394676325
2026-06-19,58.30619888082436
2026-06-20,70.41171905261331
2026-06-21,48.27737392441264
2026-06-22,45.212352912655945
2026-06-23,55.569481949073776
2026-06-24,59.92584061185759
2026-06-25,61.687127414409346
2026-06-26,52.40001994010194
2026-06-27,49.02196756465346
2026-06-28,46.35561955764091
2026-06-29,55.2258458794874
2026-06-30,62.09542396269357
2026-07-01,29.54391387745748
2026-07-02,45.0721113144579
2026-07-03,33.16508160611842
2026-07-04,69.5733195025003
2026-07-05,50.390511957135296
2026-07-06,58.2903746945711
2026-07-07,44.71960670587094
2026-07-08,44.74672661742975
2026-07-09,49.33189405023437
2026-07-10,48.352923476003454
2026-07-11,49.32437798797978
2026-07-12,45.85011281653913
2026-07-13,49.205502229168964
2026-07-14,43.65168738972834
2026-07-15,39.116010250223056
2026-07-16,42.80051630223585
2026-07-17,64.73539695795016
2026-07-18,30.384264787617965
2026-07-19,
2026-07-20,62.36353161511825
2026-07-21,49.813037327967294
2026-07-22,32.136796884671035
2026-07-23,38.96338664691167
2026-07-24,35.45444843068736
2026-07-25,47.53730736917423
2026-07-26,31.243342874667032
2026-07-27,22.342933704831268
2026-07-28,47.13067959695795
2026-07-29,19.188424238879545
2026-07-30,44.9836364499797
2026-07-31,
2026-08-01,31.50043434450327
2026-08-02,
2026-08-03,26.03804823383988
2026-08-04,27.50553558829788
2026-08-05,40.71825868695465
2026-08-06,33.68709336340216
2026-08-07,36.59985997585136
2026-08-08,32.449235679671766
2026-08-09,41.68209332673696
2026-08-10,24.960317925914417
2026-08-11,32.73353423861256
2026-08-12,28.147948538152097
2026-08-13,23.110319249293223
2026-08-14,28.35219678200179
2026-08-15,34.08818751887567
2026-08-16,15.663043747833726
2026-08-17,21.736355562775586
2026-08-18,22.580132575330474
2026-08-19,24.76888441549867
2026-08-20,27.00325416715505
2026-08-21,26.32704367085307
2026-08-22,33.80015964680284
2026-08-23,26.81558658730307
2026-08-24,31.453592653212645
2026-08-25,27.65010531186223
2026-08-26,18.45099810278283
2026-08-27,49.39472728616643
2026-08-28,25.518790241274132
2026-08-29,14.309384936503971
2026-08-30,25.59302187883686
2026-08-31,31.525491130886248
2026-09-01,
2026-09-02,31.701063156216257
2026-09-03,20.661896418900977
2026-09-04,19.344201472163338
2026-09-05,27.241439454342206
2026-09-06,30.428367725255427
2026-09-07,37.267092617660275
2026-09-08,44.59952587797048
2026-09-09,19.68543107857874
2026-09-10,12.753827983235226
2026-09-11,10.0
2026-09-12,22.15633386416877
2026-09-13,24.379065795473394
2026-09-14,14.116899914103099
2026-09-15,24.780211948469056
2026-09-16,27.81970881572545
2026-09-17,14.98874277046902
2026-09-18,10.0
2026-09-19,39.12245627159983
2026-09-20,17.431769622995994
2026-09-21,25.719868207557685
2026-09-22,
2026-09-23,26.8571091093511
2026-09-24,22.270321259316276
2026-09-25,31.084281855597837
2026-09-26,31.663422854154305
